angle,Lng,Lat,Fid
35.59191091,9.2300902,45.5083402,16222
101.6819545,9.227735401,45.51939773,16223
282.1206623,9.224958167,45.51679572,16224
102.1123856,9.22162002,45.51797231,16225
102.2971849,9.2207418,45.5181047,16226
84.03300697,9.228624949,45.5091526,16227
84.02222309,9.227731524,45.509087,16228
180.85129840000002,9.2243414,45.5046236,16229
84.00781308,9.22951836,45.50921829999999,16230
104.4449502,9.1240579,45.472970700000005,16231
281.06895760000003,9.1242424,45.4730893,16232
110.0763978,9.1243386,45.472769799999995,16233
283.8373373,9.1244888,45.472902600000005,16234
23.943329199999997,9.242828845,45.48524065,16235
29.42071913,9.2424098,45.4846839,16236
283.9339952,9.1239011,45.47334779999999,16237
335.09533230000005,9.158212800000001,45.4457511,16238
178.8249743,9.1627125,45.437304299999994,16239
195.2115923,9.158277164,45.42554634,16240
196.0953388,9.158515798,45.42615414,16241
358.2555383,9.0891093,45.4781615,16242
197.6193756,9.089202400000001,45.4833196,16243
147.3199926,9.1644485,45.4348258,16244
329.91388839999996,9.1634007,45.430427200000004,16245
175.4700556,9.2239444,45.5040101,16246
314.6403347,9.231660204,45.49835689,16247
98.49505605,9.244954,45.481751700000004,16248
187.77103219999998,9.221129800000002,45.4968336,16249
249.5622684,9.230990534,45.4935103,16250
215.4848611,9.220745694,45.49627295,16251
305.0704704,9.242087166000001,45.47255458,16252
22.61798894,9.220427379,45.49024202,16253
281.68139560000003,9.244566382999999,45.47184148,16254
275.18307410000006,9.2454565,45.4717591,16255
298.70831519999996,9.242868595,45.47224426,16256
287.26574320000003,9.243701358,45.47201022,16257
240.39274019999996,9.132106257,45.46241826,16258
264.8769497,9.1328966,45.4627107,16259
240.39274019999996,9.130544208,45.46179569,16260
240.39274019999996,9.131325232,45.46210698,16261
36.77702441,9.1710719,45.4574427,16262
225.8529491,9.172065199999999,45.458154799999996,16263
134.0032388,9.17509335,45.45604741,16264
138.18075869999998,9.1744487,45.4564862,16265
337.3982037,9.147358345,45.44387172,16266
350.4725577,9.1475984,45.443268100000004,16267
290.9197119,9.2149226,45.5232451,16268
337.3982037,9.147013099999999,45.44445358,16269
241.4919691,9.128979915,45.4611761,16270
240.39274019999996,9.129763184,45.46148441,16271
298.0373841,9.135263514,45.46211515,16272
21.53852522,9.2014945,45.4935542,16273
260.1057308,9.163334599999999,45.4451406,16274
147.484048,9.159216,45.4432954,16275
352.21786010000005,9.201496945,45.49417689,16276
174.5318936,9.1636909,45.4589932,16277
220.80391980000005,9.155869500000001,45.458303,16278
3.15856997,9.13026235,45.46365798,16279
3.049180222,9.1302127,45.4630289,16280
312.5001488,9.242351494,45.50219036,16281
358.6783553,9.208832826,45.4635715,16282
358.7485984,9.208852685,45.46294161,16283
92.47492532,9.136941499999999,45.468883700000006,16284
175.5872801,9.1648188,45.4374849,16285
272.34659039999997,9.1374272,45.4691815,16286
210.68910530000002,9.152879308,45.44656454,16287
209.61873290000003,9.1533366,45.447107,16288
218.5474358,9.151849765,45.44553519,16289
218.68499989999998,9.152410274,45.4460277,16290
191.5341871,9.1357709,45.4522794,16291
142.0515146,9.1585197,45.4616821,16292
351.6477202,9.1587945,45.461371899999996,16293
12.17149749,9.1603745,45.459219700000006,16294
213.80005840000004,9.148451923,45.44354788,16295
66.00594743,9.1597251,45.4592691,16296
168.5950886,9.159242599999999,45.460703,16297
243.1360199,9.150472292,45.44476734,16298
231.87995640000003,9.151270835,45.44505572,16299
232.2643206,9.149034107,45.44401777,16300
229.3208124,9.149728638,45.44441717,16301
160.4865462,9.1590969,45.4619729,16302
56.15403324,9.1595559,45.446192700000005,16303
243.66265409999997,9.160339500000001,45.4606193,16304
146.07872980000002,9.159515288,45.46141633,16305
337.2918095,9.159464100000001,45.4435988,16306
64.42273923,9.1604448,45.4595002,16307
353.966205,9.1566129,45.4551104,16308
358.5186143,9.136011400000001,45.454511,16309
65.16368598,9.161259008,45.45976638,16310
247.424096,9.157136232000001,45.45524034,16311
245.5438514,9.157963699999998,45.455485499999995,16312
66.92589982,9.208163693,45.44217137,16313
66.94394463,9.207337158,45.44192449,16314
210.53456040000003,9.207161,45.490461700000004,16315
66.96012171,9.208990169,45.44241835,16316
75.31375209999999,9.215036068,45.44392188,16317
75.31582626,9.214167100000001,45.44376210000001,16318
66.94394463,9.206510599,45.44167765,16319
80.71287552,9.205670699999999,45.441463299999995,16320
1.209971076,9.154655759,45.43279967,16321
342.2090105,9.154651199999998,45.4321744,16322
358.6381026,9.1551061,45.4375733,16323
141.8629064,9.1476465,45.4319348,16324
160.1362207,9.1544666,45.4369714,16325
199.3100505,9.196053,45.5100971,16326
23.50271087,9.205337041,45.49870762,16327
199.3768675,9.195464405,45.50890752,16328
199.10710580000003,9.195758659,45.50950233,16329
102.6677677,9.201473486,45.50277314,16330
101.8580967,9.2005966,45.5029098,16331
23.50271087,9.2049788,45.498130200000006,16332
102.6677677,9.202349935,45.50263507,16333
354.8702066,9.176156212999999,45.49596502,16334
354.8702066,9.176075893,45.49659217,16335
201.47177549999998,9.208498036,45.51756351,16336
200.7747424,9.208826,45.5181495,16337
201.47177549999998,9.207840392,45.51639199,16338
201.47177549999998,9.208169214,45.51697775,16339
282.4023797,9.206750246,45.50221571,16340
282.4023797,9.207627598,45.50208048,16341
177.64641809999998,9.2002933,45.4928843,16342
298.6054851,9.1988819,45.492590299999996,16343
165.33416269999998,9.208472582999999,45.502171000000004,16344
262.3328895,9.2085084,45.50200170000001,16345
256.1436027,9.208719027,45.50203811,16346
15.61175394,9.164950741,45.43575560000001,16347
1.9112299830000001,9.1647715,45.435143599999996,16348
144.9608544,9.168618084,45.48561211,16349
178.1420804,9.164832800000001,45.4373576,16350
207.5625347,9.199953941,45.49231199,16351
2.382835649,9.165103,45.4373616,16352
18.93449129,9.219434893999999,45.43693811,16353
18.93449129,9.219143403,45.43634187,16354
115.0295697,9.224904315,45.4476026,16355
119.36898459999999,9.224092599999999,45.447871899999996,16356
289.3394432,9.2122468,45.5217481,16357
290.9197119,9.214083500000001,45.52346982,16358
255.27092050000002,9.208432847000001,45.50348929,16359
264.7458817,9.2093045,45.503638,16360
164.9458735,9.208244353,45.50277995,16361
194.3197147,9.2080465,45.5033881,16362
118.390849,9.226351292999999,45.446884499999996,16363
133.3032337,9.225671064,45.44729377,16364
300.4613036,9.219633397,45.450624,16365
300.48386569999997,9.220407699999999,45.4503045,16366
177.0370534,9.184856879,45.50633225,16367
130.7552246,9.2246556,45.4428688,16368
177.0370534,9.184903313,45.50570352,16369
130.52305479999998,9.226445973999999,45.44055178,16370
130.9638191,9.225764199999999,45.4409622,16371
311.4006878,9.22509643,45.44138366,16372
172.26119740000001,9.188037921,45.44842601,16373
60.419732499999995,9.160961293,45.46166492,16374
60.12152243,9.160180300000002,45.4613536,16375
269.74544360000004,9.224662400000001,45.4429536,16376
316.2786542,9.243277897999999,45.450391499999995,16377
316.2786542,9.243898771,45.44993605,16378
270.189529,9.241771691,45.45091729999999,16379
313.7116438,9.242648352,45.45084086,16380
176.99171069999997,9.247511262,45.43254186,16381
176.99171069999997,9.247464118,45.43317137,16382
316.290075,9.244519557,45.44948054,16383
316.290075,9.245140300000001,45.449025,16384
86.80191836,9.243339396,45.48406898,16385
86.57584517,9.242442500000001,45.484033600000004,16386
323.79047119999996,9.230067318,45.51331236,16387
349.7959975,9.230252199999999,45.5127012,16388
86.30850759,9.242346252,45.44868758,16389
86.30850759,9.244139153999999,45.44876873,16390
86.30850759,9.243242703,45.44872815,16391
350.8175792,9.114466087,45.51381093,16392
350.8175792,9.114609439,45.51318951,16393
262.6745674,9.118168517,45.51389444,16394
323.8898588,9.1153788,45.4436577,16395
244.29217930000002,9.117315300000001,45.4444393,16396
256.4102231,9.2488555,45.434586700000004,16397
91.24325575,9.191557103,45.43213901,16398
216.6024199,9.247597987,45.43376632,16399
216.6977012,9.248133695,45.43427234,16400
262.6745674,9.11638655,45.51373391,16401
262.6745674,9.117277534,45.51381418,16402
91.25088173,9.190659,45.4321527,16403
262.6745674,9.115495567,45.51365365,16404
293.3499226,9.1945695,45.4402104,16405
25.17274477,9.195501323,45.44112113,16406
45.92564298,9.194869261000001,45.44067546,16407
328.7318133,9.1244161,45.5033912,16408
357.66166499999997,9.127864783,45.50220585,16409
330.10476960000005,9.123519678,45.50448244,16410
330.10476960000005,9.123967412,45.50393663,16411
111.2596192,9.208616166,45.5182066,16412
122.9526087,9.207787800000002,45.5184469,16413
201.6418132,9.207306996,45.51544668,16414
177.4475059,9.1589105,45.4284911,16415
143.0455726,9.159135000000001,45.4284864,16416
28.88987092,9.159666892999999,45.42916267,16417
29.92823265,9.1592367,45.4286093,16418
225.81426859999996,9.175207347,45.45507889,16419
82.80488528,9.174445599999999,45.4996747,16420
110.7766635,9.213032472,45.51697307,16421
223.9096505,9.1758502,45.455519,16422
110.26833490000001,9.213872858,45.51675072,16423
88.85845461,9.232302179,45.52094002,16424
88.19364122,9.231404099999999,45.520925899999995,16425
12.65829234,9.230381582,45.52224328,16426
270.8059184,9.174346174,45.44071408,16427
271.8759015,9.2045655,45.47113770000001,16428
92.29395541,9.17358709,45.44185597,16429
80.00319623,9.230084369,45.50437992,16430
309.85815160000004,9.2502218,45.4337851,16431
262.4744579,9.1586421,45.4191225,16432
216.67757360000002,9.157328647,45.42073941,16433
275.3444097,9.1765468,45.4150645,16434
214.30938140000004,9.209041099999999,45.4923934,16435
40.45003779,9.245379562,45.44169589,16436
40.34705405,9.2491649,45.4337593,16437
166.1688567,9.248796057,45.43513424,16438
40.04650989,9.243638961,45.44025232,16439
40.04650989,9.243060977,45.4397698,16440
40.40302391,9.24479699,45.44121611,16441
40.04650989,9.244216945,45.44073483,16442
160.6103334,9.1575736,45.4226974,16443
277.85043019999995,9.1579366,45.4224637,16444
291.95743089999996,9.159128047000001,45.42308155,16445
291.95743089999996,9.1599612,45.4228458,16446
290.9670702,9.1590254,45.4231106,16447
345.125405,9.178562681,45.53110806,16448
190.0968459,9.157536492,45.42295303,16449
270.0,9.158177831,45.423312,16450
352.82782230000004,9.16061516,45.42195693,16451
13.53756959,9.160691724,45.42133148,16452
240.8497949,9.157909599999998,45.421205799999996,16453
330.4352077,9.160465432999999,45.42257668,16454
14.25015838,9.159164826,45.41987823,16455
35.34741951,9.160219442999999,45.42080002,16456
60.93817937,9.159492788,45.42044172,16457
91.06338426,9.222552681,45.44285974,16458
44.82932231,9.227704699999999,45.514319,16459
60.419732499999995,9.161742526,45.46197595,16460
12.23170331,9.2219413,45.4432689,16461
85.35105701,9.2216561,45.443191600000006,16462
341.9249749,9.178835284,45.53050856,16463
9.255251653,9.178957662,45.52989687,16464
139.73467480000002,9.210222142000001,45.44422014,16465
129.9323804,9.22263013,45.44286434,16466
159.90075259999998,9.127046042,45.43826267,16467
159.884815,9.1267373,45.438854600000006,16468
52.37534583,9.126963192,45.43757627,16469
55.30137742,9.1272942,45.4377528,16470
250.822523,9.12804478,45.43809961,16471
358.7593559,9.128883668,45.43827627,16472
70.50326968,9.128108911,45.43801411,16473
339.7267197,9.118077382000001,45.45584549,16474
339.74080610000004,9.118388564,45.45525437,16475
69.63505409,9.250050866,45.47255982,16476
69.63505409,9.2492087,45.4723406,16477
232.2777463,9.127246000000001,45.4378744,16478
342.5536019,9.1186962,45.454662400000004,16479
231.5854214,9.126542423,45.43748251,16480
297.1320757,9.117732199999999,45.4442783,16481
64.89798015,9.0923897,45.4637283,16482
243.7228378,9.1170977,45.4443658,16483
191.7904224,9.2227329,45.517804999999996,16484
101.9514454,9.222041232999999,45.51596037,16485
166.8232091,9.229482745,45.51605601,16486
147.39303080000002,9.13028354,45.43674329,16487
145.1959325,9.129777019,45.43726378,16488
220.5743297,9.1288595,45.4383439,16489
147.39303080000002,9.130767619,45.43621229,16490
238.3991108,9.115546853,45.44373047,16491
238.3531423,9.116311689,45.44406104,16492
148.60200830000002,9.12928218,45.43778954,16493
257.16870819999997,9.231416699999999,45.5127555,16494
185.3954962,9.223968199999998,45.504313,16495
102.90740699999999,9.227446400000002,45.5144045,16496
160.5414303,9.219411451000001,45.50978893,16497
267.20290869999997,9.233524297,45.512672200000004,16498
255.18664569999999,9.234415199999999,45.5127343,16499
101.9704788,9.219404699999998,45.5163514,16500
286.36659649999996,9.219242009,45.51540382,16501
101.9514454,9.22116239,45.51609072,16502
101.9514454,9.220283547000001,45.51622106,16503
286.36971719999997,9.2218275,45.5148711,16504
182.44045419999998,9.2239459,45.5041319,16505
286.38681299999996,9.22010384,45.51522625,16506
286.38681299999996,9.220965665,45.51504866,16507
307.9958441,9.1548169,45.4406777,16508
353.5534367,9.178620462,45.49777589,16509
316.9505935,9.1551054,45.440461,16510
257.8345243,9.154031963,45.44086013,16511
123.8789626,9.1790355,45.529032,16512
97.23802054,9.1786882,45.52906289999999,16513
353.6082007,9.178721300000001,45.49715020000001,16514
316.6661871,9.169989900000001,45.526446299999996,16515
159.7365371,9.21910494,45.51039628,16516
159.7365371,9.21879382,45.51098684,16517
141.48007230000002,9.161309727999999,45.44022745,16518
147.6863669,9.1607625,45.440726700000006,16519
156.995112,9.16046337,45.44122103,16520
210.0685097,9.2134109,45.458372999999995,16521
305.5754469,9.204682199999999,45.4878936,16522
269.67974560000005,9.146486,45.4453619,16523
216.41885789999998,9.216228300000001,45.4902016,16524
36.39159719,9.202055412,45.48570881,16525
212.52197290000004,9.221474800000001,45.4979707,16526
122.0703801,9.220461,45.4981566,16527
317.22160210000004,9.1757618,45.41554420000001,16528
181.0600789,9.154580827,45.43606535,16529
357.66166499999997,9.127901435,45.50157676,16530
1.732049252,9.165111,45.4374965,16531
69.77635197,9.216312542999999,45.48105879,16532
263.6903417,9.1745,45.4378453,16533
326.2947107,9.148479376000001,45.50380882,16534
311.1446292,9.149078523,45.50334335,16535
269.45731969999997,9.218482226,45.45691567,16536
269.4301412,9.2193805,45.4569217,16537
135.5016072,9.1576925,45.5043651,16538
352.83698760000004,9.158175595,45.50294125,16539
311.1446292,9.149755,45.5029291,16540
215.3733992,9.152666,45.5039198,16541
290.9316622,9.127331348,45.50775229,16542
286.76885730000004,9.128171245,45.50752916,16543
62.688241399999995,9.2169028,45.4812196,16544
280.3315298,9.1305829,45.5072324,16545
269.45731969999997,9.217583951,45.45690971,16546
278.7357212,9.129051606,45.50741022,16547
278.7357212,9.1299395,45.5073146,16548
232.46181780000003,9.083915207,45.47536115,16549
85.22791434,9.1527412,45.5023842,16550
280.684508,9.1582489,45.5023165,16551
271.5873753,9.086517599999999,45.4757061,16552
83.17112263,9.26288535,45.47032825,16553
260.339628,9.084741743,45.47552434,16554
261.0784329,9.085628178,45.47562638,16555
71.08714254,9.155384157,45.50072376,16556
108.08096359999999,9.154512111,45.50066187,16557
71.06593847,9.15623396,45.50092787,16558
211.77745159999998,9.153352186000001,45.50180833,16559
124.2662966,9.153742581,45.50097768,16560
152.58372130000004,9.153031,45.5013506,16561
77.21662935,9.2552422,45.47323529999999,16562
77.23816852,9.256994427999999,45.47351367,16563
77.23816852,9.256118304,45.47337452,16564
84.05824189,9.251770916,45.47290763,16565
72.97977757,9.250895374,45.47277313,16566
82.64770307,9.253562672000001,45.47297686,16567
88.94001194,9.252666088,45.47295368,16568
201.7466799,9.1987916,45.5037055,16569
201.99464540000002,9.1985853,45.5033431,16570
93.70853026,9.261992900000001,45.4702664,16571
201.7517169,9.1987311,45.503599200000004,16572
77.23816852,9.258746675,45.47379197,16573
77.23816852,9.257870551,45.47365282,16574
201.7527939,9.1986855,45.5035191,16575
77.23816852,9.259622799,45.47393112,16576
209.6446549,9.1555268,45.419403,16577
160.2613796,9.154625900000001,45.4187218,16578
190.09335919999998,9.1545504,45.4190958,16579
236.5097577,9.155864,45.4195596,16580
192.5412255,9.154182899,45.41882962,16581
214.9220028,9.154657108,45.41936098,16582
192.1661852,9.1545138,45.4186922,16583
306.8789088,9.155425348,45.41913664,16584
215.47636549999999,9.1551916,45.4190276,16585
63.612603,9.1543777,45.4184189,16586
91.92863253,9.154614599999999,45.4184751,16587
192.133572,9.154821,45.41846743,16588
107.2116969,9.158340087000001,45.41900182,16589
107.2116969,9.157482,45.419188399999996,16590
256.8582801,9.1587534,45.41915720000001,16591
286.7394744,9.1575147,45.4193227,16592
201.8787216,9.161728115,45.42890539,16593
201.8815731,9.1620629,45.4294904,16594
157.058659,9.158562,45.4189283,16595
214.2598728,9.154782096,45.41933457,16596
214.9220028,9.155171359,45.41987798,16597
233.3357451,9.1557826,45.4203326,16598
345.21783250000004,9.159044699999999,45.419002,16599
214.2598728,9.155287800000002,45.41985570000001,16600
201.16846519999999,9.157726400000001,45.4223784,16601
223.57625269999997,9.1528811,45.4314043,16602
216.54801650000002,9.1530425,45.4315571,16603
99.59390063,9.1539556,45.4320201,16604
223.0341486,9.152262469,45.4309472,16605
174.9656977,9.1544159,45.4335756,16606
359.57650839999997,9.1546628,45.4330336,16607
208.43419369999998,9.153115919,45.43165225,16608
264.7983333,9.153756699999999,45.4320451,16609
9.561399097,9.1589679,45.4277189,16610
3.463761561,9.1590304,45.4279793,16611
201.735302,9.162120892,45.42959249,16612
230.63693709999998,9.1626131,45.4301072,16613
187.2075394,9.1588769,45.4280445,16614
12.24827557,9.154741099999999,45.4319912,16615
182.9557977,9.158713857,45.42714453,16616
187.56541289999998,9.1588274,45.4277698,16617
184.49710100000001,9.155101199999999,45.4444574,16618
171.6381117,9.155404687,45.43988633,16619
183.0032424,9.155006422000001,45.44319865,16620
182.88684709999998,9.15505281,45.44382808,16621
181.674625,9.1555268,45.439286700000004,16622
183.02942380000002,9.154823343,45.44096333,16623
194.4807614,9.15532333,45.438674299999995,16624
356.4257076,9.1546565,45.4334305,16625
352.3671501,9.1545988,45.4340706,16626
357.81976960000003,9.1546296,45.43373270000001,16627
180.9512124,9.1545685,45.4358026,16628
238.8892523,9.153056699999999,45.435054,16629
183.0032424,9.154959357000001,45.44256924,16630
231.32084680000003,9.153293932,45.43518727,16631
223.34438140000003,9.1539618,45.4356075,16632
136.75402490000002,9.1629241,45.4405162,16633
177.3970256,9.162685136,45.43763001,16634
136.3533106,9.162449426,45.44123761,16635
136.3533106,9.1618294,45.4416937,16636
141.2142595,9.1619935,45.4396329,16637
176.4869476,9.1626904,45.4375479,16638
177.3970256,9.162644339,45.43825969,16639
177.5001841,9.1626048,45.438889399999994,16640
136.3378482,9.1615492,45.4418997,16641
136.00441930000002,9.162404645,45.44089424,16642
135.5411831,9.162882699999999,45.4409189,16643
5.629816243,9.1651311,45.4377027,16644
316.3829442,9.1633098,45.440605100000006,16645
145.3072781,9.1648843,45.439425799999995,16646
136.00441930000002,9.161780672,45.44134767,16647
136.00441930000002,9.1611567,45.4418011,16648
181.0397036,9.164680968999999,45.43391682,16649
1.3320163999999999,9.1650919,45.43689570000001,16650
0.079336746,9.1650981,45.4370828,16651
182.0001977,9.1646783,45.4338136,16652
181.16665840000002,9.164613007,45.43147433,16653
177.5208899,9.16275617,45.43654459,16654
177.4311372,9.1627163,45.437174299999995,16655
142.12207790000002,9.1623222,45.4393459,16656
140.53472649999998,9.161599699999998,45.439974400000004,16657
176.1518398,9.1627025,45.4374096,16658
349.369154,9.1648446,45.435032799999995,16659
175.2351659,9.164843800000002,45.4371466,16660
178.37737099999998,9.164878037000001,45.43625741,16661
178.37737099999998,9.1648526,45.4368875,16662
143.47381289999998,9.1719088,45.4130241,16663
130.5711447,9.171606392000001,45.41326018,16664
180.9515845,9.164608,45.4313018,16665
140.5630824,9.172224215,45.41245676,16666
78.54504598,9.175796400000001,45.4152781,16667
127.3157379,9.1707853,45.4134773,16668
49.66165901,9.172886,45.411685799999994,16669
181.0000613,9.1646681,45.4335198,16670
181.17650509999999,9.1646314,45.4321046,16671
229.9098044,9.162622543,45.43011278,16672
240.41427630000004,9.163446671,45.43044552,16673
231.4107713,9.164224195,45.43076057,16674
181.05535749999999,9.164639354,45.43240762,16675
181.05535749999999,9.164655900000001,45.433037899999995,16676
42.51327943,9.2402213,45.499649600000005,16677
42.82941169,9.241089191,45.50030656,16678
221.21987090000002,9.175634800000001,45.415504600000006,16679
28.72748048,9.1759314,45.4153393,16680
41.27969863,9.2394451,45.4990299,16681
228.72119019999997,9.148137,45.44321779999999,16682
42.82941169,9.2404785,45.4998448,16683
41.28286173,9.240037756,45.49950307,16684
8.661231958,9.175696894,45.41624738,16685
341.4164035,9.1756574,45.4156234,16686
9.209224213999999,9.17598127,45.41749261,16687
9.209224213999999,9.175837504,45.41687017,16688
285.3719621,9.1758317,45.4155371,16689
135.60186930000003,9.175626199999998,45.4153231,16690
106.8339715,9.1757032,45.4152854,16691
159.0387329,9.229178,45.5168528,16692
350.4443707,9.229304875,45.51743971,16693
350.4443707,9.229453999999999,45.516819,16694
256.8645129,9.227409,45.51458710000001,16695
168.8589108,9.227542015,45.51279639,16696
322.9219043,9.228060099999999,45.5140946,16697
310.44900939999997,9.227759599999999,45.514357700000005,16698
165.717568,9.229180614,45.50432352,16699
80.23089411,9.233137654,45.50410786,16700
86.56515754,9.232247099999999,45.504031299999994,16701
74.91910735,9.230014047000001,45.50831303,16702
193.35200509999999,9.224102906,45.5026436,16703
174.9931789,9.224042800000001,45.5032702,16704
27.95783906,9.21982585,45.51690739,16705
27.45021394,9.220676242,45.51801627,16706
28.79593845,9.220248301,45.51746288,16707
90.28454117,9.2307431,45.5209282,16708
190.9062636,9.22863492,45.51862537,16709
27.82967334,9.218258974,45.51511237,16710
27.82967334,9.2178396,45.5145557,16711
282.0658892,9.222735671,45.51712889,16712
282.0658892,9.223614141,45.51699731,16713
201.73259040000002,9.22775036,45.51339319,16714
191.8242991,9.221964125,45.51532839,16715
191.8242991,9.2221482,45.5159445,16716
193.1281802,9.2223157,45.5164494,16717
192.2893823,9.222344732,45.51654485,16718
191.7704887,9.2225351,45.51716,16719
102.1288059,9.225562992,45.51737904,16720
102.1195679,9.223611199999999,45.51767287,16721
282.19364039999994,9.2254662,45.5180711,16722
102.1195679,9.224489493,45.51754072,16723
282.1767657,9.227292237,45.52030912,16724
193.7847668,9.228809599999998,45.5192427,16725
261.6437969,9.2308795,45.521706200000004,16726
101.9639858,9.229688226,45.51911165,16727
282.15264510000003,9.228170428,45.52017664,16728
345.07167089999996,9.2376725,45.4829984,16729
8.392765982,9.149032525,45.50828314,16730
281.7507002,9.223994332,45.51828981,16731
264.8916891,9.155885803,45.50257067,16732
33.15085441,9.1485407,45.5077591,16733
264.9449325,9.15499104,45.50251474,16734
13.68635611,9.221297068,45.51930046,16735
17.09030994,9.221053276000001,45.51869493,16736
12.09654184,9.221799551,45.52092503,16737
12.09654184,9.221611300000001,45.520309600000004,16738
11.93656665,9.22137,45.51951029999999,16739
281.7507002,9.223114843,45.518418,16740
11.94764781,9.2214651,45.5198255,16741
107.93617140000002,9.249073028,45.4813158,16742
100.3166928,9.248210474,45.48148777,16743
46.45002679,9.238274800000001,45.498156,16744
68.71273190000001,9.216574699999999,45.4811265,16745
323.4121428,9.2362743,45.485001200000006,16746
96.81369374,9.247319599999999,45.481567600000005,16747
107.9576457,9.2491854,45.4812903,16748
268.5862702,9.1721962,45.528774600000006,16749
119.39295449999999,9.209458999999999,45.4497617,16750
183.02942380000002,9.154870817,45.44159274,16751
184.1468715,9.154924099999999,45.4422219,16752
120.60325859999999,9.209700900000001,45.4496874,16753
42.9115294,9.238892298,45.4986131,16754
119.69055690000002,9.211247637,45.44904617,16755
120.60325859999999,9.210474092,45.44936657,16756
42.75529401,9.25082089,45.50774684,16757
42.75529401,9.250211052000001,45.50728458,16758
42.72226423,9.252036514,45.50867394,16759
42.1618619,9.251429261,45.50821003,16760
125.6394068,9.224217800000002,45.497094700000005,16761
246.99577200000002,9.091816522,45.47781754,16762
42.74779573,9.249601225,45.50682231,16763
42.79432999,9.248991,45.5063603,16764
313.27840539999994,9.229424985,45.49495022,16765
330.3688611,9.2299903,45.494466700000004,16766
336.4866568,9.236197599999999,45.484928700000005,16767
334.5024757,9.230118899999999,45.494292200000004,16768
42.36720271,9.253251185,45.50960164,16769
42.72226423,9.252645972,45.50913643,16770
41.82304079,9.254457387999999,45.51053473,16771
42.415669,9.253857056000001,45.51006643,16772
279.0656626,9.223682499999999,45.4972689,16773
184.9488806,9.221170428999999,45.4971625,16774
209.40522959999998,9.2213015,45.4977802,16775
109.5333517,9.231354800000002,45.5126191,16776
358.60928010000003,9.230104698,45.50989225,16777
358.60928010000003,9.2301265,45.509262899999996,16778
257.3297679,9.091624900000001,45.4756724,16779
298.98919989999996,9.1628769,45.4596769,16780
236.0423259,9.090808021,45.47542003,16781
123.909793,9.22062,45.4980849,16782
122.0864179,9.2207861,45.498006700000005,16783
54.83138387,9.2319359,45.5039792,16784
70.48933554,9.237479315,45.50488191,16785
77.75809624,9.228682085,45.50344613,16786
87.70091582,9.227795,45.5033497,16787
74.82912157,9.234879878,45.50441237,16788
74.82912157,9.234012868999999,45.50424761,16789
78.84976283,9.236632447,45.50468103,16790
74.9403285,9.235750246,45.50456796,16791
267.4036921,9.2330773,45.512656899999996,16792
175.6216682,9.224034414,45.50333777,16793
86.71729377,9.2315403,45.512589,16794
267.4113895,9.232179902999999,45.51262844,16795
75.27204807,9.23041598,45.50377531,16796
75.16626234,9.229547379,45.50361472,16797
80.02740243,9.231298582,45.5038912,16798
249.5900165,9.13209308,45.46145087,16799
298.5583995,9.134034699999999,45.462584,16800
249.75770609999998,9.129606357,45.4608049,16801
341.847296,9.131547767,45.46069381,16802
136.8009607,9.1318353,45.469611799999996,16803
317.34876560000004,9.1305012,45.470750200000005,16804
137.04569540000003,9.1310171,45.4702283,16805
136.823376,9.132450024,45.46915242,16806
316.0556413,9.1325407,45.4692124,16807
298.57396800000004,9.1341532,45.46253787,16808
317.97519789999996,9.1310985,45.4702854,16809
137.7316159,9.1304196,45.4706893,16810
137.5080274,9.129176600000001,45.471641999999996,16811
317.85697610000005,9.129470039,45.47154489,16812
137.5080274,9.1297834,45.47117749,16813
318.2394166,9.128099992000001,45.47260955,16814
316.9899415,9.128699300000001,45.4721403,16815
317.8542373,9.1300728,45.471077799999996,16816
318.2394166,9.127501696,45.47307944,16817
249.6960012,9.130449161,45.46102295,16818
249.47920150000002,9.131291599999999,45.4612417,16819
317.73766760000007,9.1292744,45.4716965,16820
137.64609280000002,9.1299837,45.4710242,16821
137.48546000000002,9.1286086,45.4720767,16822
57.33438879,9.0622886,45.494266499999995,16823
169.3533228,9.2618495,45.470402,16824
57.35392295,9.063801374,45.4949459,16825
57.35392295,9.063044976,45.49460622,16826
359.1905066,9.0890993,45.4821267,16827
83.00272662,9.263783525,45.47040554,16828
83.00272662,9.262891900000001,45.4703288,16829
170.4670553,9.202927,45.4654376,16830
144.1114146,9.170147606,45.48410566,16831
170.3313899,9.20332166,45.46374044,16832
170.1583042,9.2031705,45.4643615,16833
58.42245382,9.065290809,45.49564859,16834
57.63158645,9.064559181,45.49528404,16835
144.1114146,9.169621004,45.48461591,16836
144.0318131,9.169094300000001,45.4851261,16837
235.8515484,9.0879059,45.475182000000004,16838
155.35509430000002,9.086818454,45.47511614,16839
359.71045630000003,9.0891036,45.4783597,16840
305.31324680000006,9.087119767,45.47540368,16841
155.7980427,9.091131433,45.47662876,16842
138.5886335,9.086070199999998,45.47664279999999,16843
89.83392139,9.0912025,45.476550200000005,16844
155.9217024,9.091498653,45.47596829,16845
65.94876658,9.092847421,45.47704967,16846
65.94876658,9.092027096,45.47679296,16847
0.035466588,9.089105922,45.47961943,16848
0.035466588,9.089105366,45.47898956,16849
240.6909374,9.161161904,45.46095177,16850
240.6909374,9.161945227,45.46126021,16851
153.66748909999998,9.1590326,45.4610006,16852
239.59235980000003,9.16075,45.4607884,16853
143.7625423,9.160288824,45.460667799999996,16854
240.60191899999998,9.1627285,45.4615687,16855
326.7775265,9.160229109,45.46130133,16856
189.3836772,9.17769406,45.44998673,16857
189.3919862,9.17784074,45.45060847,16858
217.1281693,9.1776598,45.4542931,16859
189.4008826,9.177547479,45.44936498,16860
240.380382,9.1631681,45.4617422,16861
322.2336849,9.1398076,45.502462799999996,16862
189.3991247,9.177987400000001,45.451230200000005,16863
116.17364189999999,9.1630486,45.4592146,16864
321.4887807,9.140695826,45.50170252,16865
321.3748185,9.143812955,45.49896872,16866
321.37564629999997,9.1443737,45.4984768,16867
321.36911339999995,9.142433655,45.5001785,16868
321.1939476,9.142994400000001,45.499686600000004,16869
321.37053860000003,9.141312035,45.50116223,16870
321.3888926,9.141872851,45.50067037,16871
358.8886707,9.211379492,45.46149127,16872
143.7625423,9.159757800000001,45.461176,16873
327.7287235,9.159686179,45.46187971,16874
320.1925617,9.140089674,45.50221772,16875
321.3832466,9.140661900000001,45.501732399999995,16876
324.6388888,9.140042300000001,45.5022576,16877
139.7414111,9.123467800000002,45.473424200000004,16878
247.6949202,9.146796447,45.46045556,16879
245.4353566,9.147626746,45.46069599,16880
137.0073135,9.1237375,45.4732117,16881
321.6335127,9.143236236,45.49947469,16882
319.27484469999996,9.1437969,45.4989828,16883
137.0125764,9.1271,45.47321470000001,16884
101.78564940000001,9.123416043999999,45.47343177,16885
137.09258830000002,9.128323265,45.47229195,16886
137.09258830000002,9.127711677999999,45.47275336,16887
139.1932514,9.134822199999999,45.470415,16888
317.0052708,9.13431777,45.47094477,16889
138.2688977,9.1339288,45.4710769,16890
138.4515685,9.135416549,45.46994264,16891
317.1791035,9.1319204,45.4696636,16892
137.07035630000001,9.131629177999999,45.46976719,16893
317.09665970000003,9.1349302,45.4704839,16894
317.1655659,9.131309731,45.47012562,16895
317.7505105,9.132840702000001,45.47208485,16896
317.7505105,9.133444693,45.47161854,16897
246.3489273,9.1484565,45.4609373,16898
304.10520539999993,9.136601800000001,45.4692202,16899
136.5091421,9.134543751,45.47061774,16900
316.7974141,9.135980607,45.46967439,16901
189.4742319,9.1774381,45.4488989,16902
333.5415088,9.2051815,45.470786,16903
189.50328280000002,9.175357615,45.44117973,16904
189.1734372,9.1755022,45.4418018,16905
235.22917149999998,9.165830300000001,45.446873,16906
56.0131075,9.159666,45.4462445,16907
188.9951352,9.176804087999999,45.44619934,16908
188.9951352,9.17694454,45.44682183,16909
188.9951352,9.176663635,45.44557685,16910
189.6335099,9.177139038,45.44765605,16911
189.6335099,9.177289367,45.44827739,16912
192.75185109999998,9.177091699999998,45.4474434,16913
188.7232433,9.1771076,45.4475161,16914
182.1402861,9.173685495,45.43946027,16915
182.1402861,9.173719043,45.44009014,16916
184.4097252,9.1593435,45.443754299999995,16917
265.3945084,9.173466000000001,45.437795200000004,16918
42.32900146,9.2467156,45.5046161,16919
42.14693132,9.2470285,45.5048469,16920
182.1488003,9.1737526,45.44072,16921
182.367978,9.173833584,45.44221496,16922
182.367978,9.1738707,45.4428447,16923
92.29400269,9.174710394,45.44182434,16924
92.30717989,9.1738128,45.441849600000005,16925
338.3328998,9.15901183,45.44434003,16926
338.3328998,9.158348491,45.44551148,16927
338.3328998,9.15868016,45.44492576,16928
42.24838276,9.2436199,45.502233000000004,16929
311.8207774,9.240022853,45.50366226,16930
42.05349165,9.244756271,45.50310776,16931
44.13628136,9.2441507,45.5026428,16932
129.343629,9.2664699,45.470619299999996,16933
39.75785298,9.248697824,45.43336526,16934
311.8736715,9.240693400000001,45.503243299999994,16935
138.5109945,9.266994866000001,45.47011961,16936
42.74748994,9.242803029,45.50160518,16937
42.7448361,9.242193318,45.50114279,16938
42.26210745,9.248564838,45.50603163,16939
42.26210745,9.247960699999998,45.5055657,16940
42.14449796,9.245597,45.503759499999994,16941
42.22979201,9.245358203,45.50357512,16942
42.7448361,9.2415836,45.5006804,16943
42.45945509,9.246203544,45.5042239,16944
155.7646678,9.165007000000001,45.4392813,16945
316.33117289999996,9.163660074,45.44034754,16946
181.84485159999997,9.165151867999999,45.43803979,16947
180.95191830000002,9.165171066000001,45.43866995,16948
174.8392808,9.164795100000001,45.437681700000006,16949
180.4705981,9.1647977,45.437905900000004,16950
316.33117289999996,9.164280351,45.43989161,16951
219.49235840000003,9.246217807999999,45.43127993,16952
219.92136209999998,9.2467936,45.4317638,16953
39.90495119,9.248124835,45.43287978,16954
180.7783866,9.164810757,45.43858023,16955
146.69044780000002,9.164652,45.4391874,16956
273.6645145,9.201596400000001,45.4470318,16957
180.7783866,9.164798552999999,45.43794997,16958
76.97922386,9.159054199999998,45.4284669,16959
107.47635190000001,9.1594923,45.4282475,16960
10.90757461,9.1592233,45.428560499999996,16961
74.67795862,9.088970575,45.46581925,16962
87.75078631,9.088107699999998,45.465742999999996,16963
152.5311881,9.0901146,45.466964000000004,16964
152.8055135,9.0903727,45.4666158,16965
71.69641472,9.0829889,45.4749686,16966
289.2169312,9.0832743,45.4750348,16967
156.9290121,9.090765800000002,45.4772041,16968
321.7272466,9.1446929,45.498196899999996,16969
196.0917406,9.158838099999999,45.4286732,16970
66.87034484,9.1609416,45.4578602,16971
32.40358802,9.202476667,45.48567059,16972
34.80223291,9.201958300000001,45.4851564,16973
311.23820010000003,9.161065289,45.46059454,16974
311.23820010000003,9.1617408,45.4601792,16975
245.4056331,9.161665459,45.45808974,16976
244.47356519999997,9.1624804,45.458354799999995,16977
260.3850803,9.090073599,45.46748419,16978
260.4290904,9.090959300000002,45.467589399999994,16979
74.00103664,9.090978131,45.46713762,16980
87.13234103,9.0877302,45.4681556,16981
155.74213989999998,9.0898035,45.4674521,16982
77.85102831,9.087530734,45.46812565,16983
77.06017018,9.0866776,45.467933,16984
155.78037890000002,9.160633599999999,45.4583357,16985
155.08968380000002,9.161319933,45.45728870000001,16986
335.3897442,9.160421025,45.45888334,16987
333.679333,9.1607979,45.4583114,16988
334.9855246,9.161291699999998,45.457747499999996,16989
335.869223,9.160097228,45.46007845,16990
338.03879689999997,9.1611709,45.4579292,16991
122.45912679999999,9.162292776000001,45.45951893,16992
130.6722513,9.160971574,45.46017234,16993
125.6714041,9.161290699999999,45.45998,16994
302.2277398,9.162614999999999,45.4597666,16995
122.45912679999999,9.161534800000002,45.4598571,16996
306.1446557,9.1620129,45.4600398,16997
355.7085832,9.156566900000001,45.455468599999996,16998
16.11778049,9.155193084,45.45581607,16999
355.7085832,9.15649968,45.45609697,17000
56.59735446,9.1545868,45.4543746,17001
65.74050703,9.1562505,45.4549223,17002
16.11778049,9.154943699999999,45.4552107,17003
66.82376845,9.155387682999999,45.45465716,17004
244.13646119999999,9.158161300000002,45.456961299999996,17005
335.1180393,9.156492,45.4582362,17006
245.3247247,9.157346524,45.45669599,17007
185.51615890000002,9.1557857,45.4581602,17008
278.8777709,9.1562314,45.4583898,17009
114.0355987,9.156002800000001,45.45790220000001,17010
57.49700550000001,9.15633,45.4579119,17011
209.127666,9.209584699999999,45.4497223,17012
120.4860259,9.215282466,45.45224703,17013
119.9840696,9.208883888999999,45.44999445,17014
119.9840696,9.2081058,45.450309399999995,17015
299.59704,9.214272518,45.45802935,17016
299.59704,9.215053621000001,45.45771814,17017
299.7422573,9.213491522,45.45834069,17018
300.16459649999996,9.21667523,45.45181736,17019
300.16459649999996,9.2174519,45.451500700000004,17020
121.0269787,9.216957192,45.451578999999995,17021
299.21394080000005,9.218325047,45.45114788,17022
299.21394080000005,9.2191091,45.450840299999996,17023
119.55793020000002,9.218568506,45.45092103,17024
119.55793020000002,9.2177871,45.451231899999996,17025
21.99448929,9.2136428,45.515709,17026
21.70788698,9.213379845,45.51524598,17027
247.05824750000002,9.1352456,45.4519838,17028
21.23029469,9.213971394,45.51629482,17029
21.11195467,9.214165300000001,45.5166445,17030
6.779097963,9.217324445,45.52250739,17031
21.75415398,9.213047438,45.5146612,17032
21.20629067,9.2127154,45.5140763,17033
119.4929425,9.2192629,45.4506473,17034
246.07767830000003,9.117950088999999,45.44636627,17035
299.62491489999996,9.2158347,45.457406899999995,17036
119.4929425,9.220044807999999,45.45033705,17037
246.07767830000003,9.118771235,45.44662183,17038
246.07767830000003,9.119592382,45.44687739,17039
288.6089981,9.19570185,45.5063201,17040
288.6089981,9.196553199999999,45.5061192,17041
292.2334299,9.211266297,45.52201749,17042
349.70568639999993,9.0911277,45.4669158,17043
350.2383231,9.09080699,45.46821028,17044
22.01256035,9.215115909,45.51833226,17045
21.56537238,9.214781435,45.51774808,17046
22.28294491,9.217003895,45.52192108,17047
21.47375593,9.2166739,45.5213357,17048
112.3578942,9.215386800000001,45.5188022,17049
291.3185522,9.210431298,45.52224955,17050
21.80412835,9.214450900000001,45.517162799999994,17051
112.3211502,9.216217604,45.5185628,17052
62.91996278,9.0931653,45.4640026,17053
213.7446438,9.0939661,45.4644894,17054
155.1711821,9.091094199999999,45.4656195,17055
134.3742907,9.1751799,45.455988299999994,17056
18.68238112,9.19615035,45.50957156,17057
54.28190802,9.0936773,45.4641862,17058
138.2216696,9.17581764,45.45554456,17059
350.2486229,9.0910657,45.4671552,17060
65.60596724,9.09235922,45.4666336,17061
350.681314,9.091127998,45.46691453,17062
153.4848955,9.0906067,45.4662964,17063
155.1711821,9.09147141,45.46504771,17064
65.60596724,9.091541099999999,45.4663734,17065
65.28412826,9.0926227,45.4667174,17066
21.62655651,9.211146099999999,45.511308500000005,17067
21.65996599,9.211865466,45.51257805,17068
21.56645962,9.2119321,45.5126956,17069
21.6574248,9.211477567000001,45.51189359,17070
266.1385359,9.24644413,45.44886489,17071
266.05839419999995,9.2473404,45.448907399999996,17072
21.65996599,9.211533900000001,45.511993,17073
40.97326078,9.2406453,45.4377709,17074
359.6643522,9.234319548,45.48006233,17075
220.8427852,9.2405884,45.4378273,17076
40.97326078,9.241234331,45.43824681,17077
22.41644638,9.2122901,45.5133268,17078
21.69114642,9.212263867999999,45.51328059,17079
359.2815665,9.2343286,45.4794325,17080
21.7612766,9.212614899,45.51389972,17081
129.89084309999998,9.2274106,45.4412005,17082
132.19844080000001,9.2269559,45.441485,17083
127.6343189,9.2279406,45.4408763,17084
131.90419409999998,9.227630900000001,45.4410713,17085
129.4525702,9.223213000000001,45.4425039,17086
165.417002,9.23071398,45.44084441,17087
311.93564580000003,9.224687699999999,45.4416365,17088
128.3949142,9.223908001,45.44210458,17089
180.3202259,9.241527906,45.45535636,17090
180.32295480000002,9.241532937,45.45598648,17091
219.35168,9.240974609,45.44429768,17092
194.5557685,9.2413974,45.444844700000004,17093
181.4331976,9.245543927,45.44245992,17094
66.00423862,9.232687768,45.44707684,17095
97.79385853,9.2318244,45.44692070000001,17096
112.21445600000001,9.23094597,45.44716604,17097
155.05989619999997,9.2302492,45.4475441,17098
102.6232438,9.203940800000002,45.502385,17099
102.6234764,9.203853501000001,45.5023987,17100
102.61747390000001,9.205631621,45.50211967,17101
102.61747390000001,9.204755,45.5022572,17102
130.7678787,9.225212599999999,45.442532,17103
131.0412036,9.2259516,45.442085,17104
165.417002,9.2304878,45.4414544,17105
130.731432,9.225892953999999,45.44212043,17106
107.354831,9.231778402,45.44692931,17107
222.7361984,9.2249038,45.443101899999995,17108
177.8764065,9.2253375,45.444115999999994,17109
10.02456184,9.211299147,45.46055103,17110
221.4907708,9.22510026,45.44326278,17111
180.15902490000002,9.2253517,45.44382879999999,17112
120.9020237,9.217404400000001,45.4513903,17113
300.6866198,9.2178641,45.4513287,17114
4.431186868,9.235129875,45.44986004,17115
4.612496871,9.235060391000001,45.44923173,17116
102.6234764,9.2029769,45.502536299999996,17117
4.431186868,9.235199281,45.45048835,17118
44.99732863,9.233882236,45.44761914,17119
58.94746989,9.233170699999999,45.4472402,17120
24.87948848,9.234965942999999,45.44860766,17121
33.353588,9.234518852999999,45.44806296,17122
0.9605080570000001,9.136013,45.4546731,17123
188.50325800000002,9.1359884,45.4551675,17124
185.4713057,9.1359045,45.4546417,17125
90.90451926,9.230104699999998,45.52093060000001,17126
285.5991357,9.159110499999999,45.4287468,17127
4.005301349,9.135867733,45.45378327,17128
300.366171,9.122497577,45.50907225,17129
325.7221926,9.1232368,45.5087271,17130
135.8885284,9.2152827,45.4902341,17131
289.102522,9.121683742,45.50933154,17132
260.6576278,9.0935136,45.4758895,17133
330.44003250000003,9.116863726,45.44498096,17134
260.6241702,9.091740865,45.47568471,17135
260.6576278,9.092627199999999,45.47578724,17136
305.19322339999997,9.154916917000001,45.49982247,17137
305.19322339999997,9.155651032,45.49945958,17138
305.6860964,9.154186183,45.50018868,17139
306.1521534,9.1578554,45.498373,17140
304.97999680000004,9.156386606,45.49909815,17141
305.36024480000003,9.157119768,45.49873432,17142
15.30494419,9.16323,45.444965100000005,17143
153.3650209,9.1542891,45.431980700000004,17144
223.01209169999998,9.163631987999999,45.44536425,17145
164.9266531,9.236235699999998,45.4853706,17146
249.49538450000003,9.216076313,45.48108152,17147
156.30391719999997,9.158462599999998,45.462987,17148
155.75458590000002,9.158320128,45.46204014,17149
89.23556813,9.203331599999999,45.441457799999995,17150
156.25693230000002,9.158824217000001,45.46241025,17151
171.080105,9.2030293,45.4649925,17152
148.1021054,9.1579263,45.46260529999999,17153
171.09712150000001,9.203168582,45.46437009,17154
317.1920137,9.169147556,45.527073,17155
332.3754761,9.236368400000002,45.4848739,17156
58.32255434,9.2170536,45.4812742,17157
91.38139708,9.205127698,45.44143262,17158
91.38139708,9.204229644,45.44144782,17159
317.1920137,9.169758,45.52661129999999,17160
356.3587253,9.178390664,45.53196405,17161
352.1441206,9.178475500000001,45.531338,17162
95.62389754,9.2451784,45.4817282,17163
356.3587253,9.178333612000001,45.53259206,17164
355.029003,9.17824216,45.5333688,17165
355.029003,9.17832,45.5327419,17166
353.920282,9.178083096,45.53462235,17167
355.029003,9.178164319,45.53399569,17168
332.0581745,9.2362728,45.484829299999994,17169
331.2946022,9.236530400000001,45.4844898,17170
81.01672658,9.236356800000001,45.48424489999999,17171
95.92798528,9.24696471,45.48159344,17172
96.29421233,9.246071355,45.48165952,17173
292.8151982,9.1762864,45.4150816,17174
198.71931919999997,9.1954391,45.5088571,17175
199.3047653,9.195147500000001,45.5082486,17176
199.8547369,9.1948561,45.50767329999999,17177
18.61707587,9.1957663,45.508779499999996,17178
19.09030752,9.195469000000001,45.5081726,17179
18.65912677,9.195635800000002,45.5085103,17180
18.97409909,9.1952927,45.5078104,17181
198.0054809,9.1953076,45.5085938,17182
199.9088659,9.194970399999999,45.5078946,17183
18.13536951,9.1952569,45.5077338,17184
18.68238112,9.195862599999998,45.5089752,17185
18.60237952,9.1934689,45.5063174,17186
18.1006003,9.1951921,45.5075948,17187
18.08330722,9.1952275,45.507670700000006,17188
199.9123389,9.1948959,45.5077503,17189
199.8667346,9.1949273,45.5078112,17190
207.21321030000001,9.218140199999999,45.5232076,17191
28.49796529,9.2182237,45.5231726,17192
207.963372,9.2175736,45.5224532,17193
21.01116805,9.2219856,45.5213298,17194
199.8459398,9.2229328,45.5228296,17195
25.45970522,9.222729795,45.52247516,17196
25.45970522,9.22234363,45.52190689,17197
19.02864926,9.194993658,45.50719467,17198
19.00635703,9.1947008,45.5065995,17199
288.28445869999996,9.19323309,45.50691383,17200
288.884814,9.1940847,45.506713500000004,17201
28.53908768,9.2178966,45.5227512,17202
28.49796529,9.218652311,45.52372572,17203
208.1152508,9.218205472000001,45.52329319,17204
208.1152508,9.2186288,45.5238483,17205
182.14003369999998,9.173779256,45.44121975,17206
298.82475689999995,9.220820887,45.52332334,17207
298.82475689999995,9.2216079,45.523019899999994,17208
237.6525082,9.15441,45.4321865,17209
270.80370539999996,9.172854374,45.44072888,17210
298.37217599999997,9.218018891,45.52438167,17211
298.4715905,9.216438881,45.52498086,17212
298.4715905,9.217228548,45.52468083,17213
298.7628737,9.220085873,45.52360501,17214
26.94546699,9.218720800000002,45.5238141,17215
298.1198017,9.2188929,45.524051299999996,17216
297.67749810000004,9.219295102,45.52390356,17217
93.78070466,9.1640871,45.4588751,17218
72.58669394,9.0862707,45.4678435,17219
182.97197169999998,9.1544244,45.43375216,17220
190.43012030000003,9.1545404,45.4343764,17221
126.97467209999999,9.215035400000001,45.4903592,17222
332.67907610000003,9.2367069,45.484551,17223
124.5527733,9.2157507,45.4899967,17224
189.5427985,9.151659822000001,45.50214179,17225
211.23725240000002,9.151982767,45.50272273,17226
348.64942389999993,9.138194171,45.50898027,17227
179.58381930000002,9.154438125,45.43239893,17228
179.58381930000002,9.154431599999999,45.433029299999994,17229
226.5587313,9.1525978,45.503178399999996,17230
172.8578888,9.175341,45.4950921,17231
224.45484590000004,9.150746708,45.42984362,17232
224.49877599999996,9.1513763,45.430293299999995,17233
226.38575699999998,9.1483867,45.4324297,17234
221.5554068,9.1517161,45.4305456,17235
231.96726099999998,9.146264500000001,45.4311432,17236
242.78196129999998,9.151438406,45.43457042,17237
223.6267221,9.1521706,45.430880200000004,17238
228.3770207,9.14564172,45.430691499999995,17239
129.67925400000001,9.228168400000001,45.4407474,17240
141.226112,9.148975098,45.43077165,17241
218.8054097,9.203219881,45.48976369,17242
218.32525049999998,9.2037822,45.490254799999995,17243
231.35803140000002,9.1469295,45.43151629999999,17244
226.38575699999998,9.147736319,45.43199485,17245
141.51072209999998,9.1484132,45.4312635,17246
3.129244489,9.136154931,45.45757346,17247
3.180940148,9.136106785,45.45694425,17248
287.3666236,9.1478993,45.4431675,17249
3.091955613,9.136202882000001,45.45820267,17250
355.6535437,9.178426119,45.49926984,17251
355.6535437,9.1784942,45.498642,17252
3.3288575760000003,9.1360522,45.4563153,17253
355.496834,9.178356412000001,45.49989758,17254
225.8494219,9.1492162,45.4329969,17255
219.76190809999997,9.150067885,45.43363068,17256
253.4284864,9.1522674,45.434806099999996,17257
225.7351483,9.148572791,45.43255698,17258
88.37974479,9.131974813,45.43572193,17259
106.60174609999999,9.1310881,45.4358076,17260
218.75675139999998,9.150608431,45.43413336,17261
244.249445,9.1512951,45.434518700000005,17262
86.90220716,9.2438147,45.4840876,17263
121.96920530000001,9.180289199999999,45.528473,17264
214.3036466,9.207660574,45.49097534,17265
214.2793796,9.208166667,45.49149563,17266
9.691320415,9.1819875,45.528504,17267
0.9581152470000001,9.1360155,45.4547777,17268
355.6719595,9.178089064,45.50202857,17269
356.17006210000005,9.178156,45.501400700000005,17270
86.92589719,9.24560873,45.48415535,17271
86.92589719,9.244711707,45.48412158,17272
2.271226178,9.136024,45.45579714,17273
185.2345667,9.191373693,45.42974671,17274
270.0,9.188910776,45.4319165,17275
253.4219076,9.189793122000001,45.43200773,17276
182.26337519999998,9.191623300000002,45.432138,17277
185.9202661,9.191465711000001,45.43037381,17278
185.359284,9.191556897,45.43100096,17279
131.4161367,9.2226399,45.4428586,17280
214.667102,9.2086732,45.4920157,17281
89.18164568,9.2236919,45.434523299999995,17282
354.55869920000004,9.178566199999999,45.4981125,17283
274.88531639999997,9.188015617000001,45.43196843,17284
197.6422648,9.206242999999999,45.502171999999995,17285
140.16478759999998,9.206634800000002,45.5039116,17286
44.65129177,9.2032945,45.48537460000001,17287
168.02932009999998,9.202427900000002,45.485881400000004,17288
88.33837506,9.167851936,45.52890967,17289
88.3916423,9.166953999999999,45.5288914,17290
57.16945698,9.1665895,45.5291001,17291
352.69117239999997,9.158010406,45.50384674,17292
279.03682789999993,9.154145300000001,45.5024607,17293
352.3752697,9.158849242,45.50115974,17294
71.3628498,9.157831013,45.50131159,17295
70.97259045,9.156981300000002,45.5011073,17296
352.587145,9.158125199999999,45.5032223,17297
281.5955248,9.1573891,45.5024313,17298
222.0042421,9.157713900000001,45.5044821,17299
20.7152578,9.1696015,45.525639,17300
303.5646377,9.1505773,45.5025467,17301
33.08598683,9.148021358,45.50711285,17302
176.1951065,9.2066619,45.5033373,17303
303.5646377,9.149828767,45.5028948,17304
317.2314557,9.167227027000001,45.5285452,17305
317.2333888,9.167837017,45.52808321,17306
34.33576766,9.1645712,45.5278392,17307
221.74314219999997,9.164673599999999,45.5280645,17308
7.040507645,9.1721169,45.453089,17309
20.7152578,9.169919256,45.52622766,17310
317.94728239999995,9.168442596,45.5276184,17311
317.94728239999995,9.169044300000001,45.5271511,17312
275.6399452,9.1538156,45.5026536,17313
291.63365960000004,9.210682499999999,45.5176393,17314
295.938726,9.153016000000001,45.503265999999996,17315
9.152801366,9.1530586,45.5032023,17316
212.16927239999998,9.152898500000001,45.503252200000006,17317
352.97146610000004,9.147632702000001,45.50528687,17318
339.22177769999996,9.147840731,45.50467559,17319
12.74984321,9.147674642,45.50653614,17320
0.624415586,9.147559721,45.50591316,17321
111.5022483,9.209661795,45.51791879,17322
334.75024460000003,9.148216699999999,45.504104,17323
27.94018501,9.1481841,45.507287899999994,17324
215.2965406,9.2069239,45.4902083,17325
215.5790733,9.205379037,45.48868301,17326
216.3628995,9.2048981,45.4882117,17327
215.0941392,9.206405035,45.48969422,17328
126.48852009999999,9.2038565,45.4902136,17329
218.8054097,9.202656927,45.48927294,17330
215.5790733,9.2059017,45.489195200000005,17331
126.4876344,9.204578742,45.48983913,17332
321.79971989999996,9.1539805,45.5025201,17333
305.71164619999996,9.203747802999999,45.48836577,17334
188.11845630000002,9.1535189,45.5026033,17335
215.5532464,9.2038774,45.48757979999999,17336
264.2073011,9.204476,45.487997,17337
215.5006664,9.203355077000001,45.48706742,17338
88.14511837,9.194155078,45.44135104,17339
88.14511837,9.193257232999999,45.44133064,17340
245.34348169999998,9.1995852,45.494724600000005,17341
88.14474078,9.195052922,45.44137144,17342
332.1516943,9.114851676,45.444318100000004,17343
332.09056410000005,9.1152715,45.4437609,17344
88.14511837,9.192359388,45.44131024,17345
304.1732946,9.199898792,45.49220592,17346
305.39735310000003,9.2006316,45.4918417,17347
126.0669374,9.200932400000001,45.491691700000004,17348
125.30814369999999,9.2007338,45.4917908,17349
260.78361459999996,9.200069300000001,45.4948133,17350
209.54239219999997,9.198923291,45.49431895,17351
288.82957880000004,9.2006695,45.494744299999994,17352
149.75520930000002,9.115783155,45.4459259,17353
149.75520930000002,9.115330677000001,45.44647035,17354
329.51945960000006,9.116188900000001,45.4458148,17355
329.0483103,9.115121266000001,45.44706698,17356
329.0483103,9.115583283,45.44652649,17357
149.75520930000002,9.1148782,45.4470148,17358
149.8850003,9.1157977,45.4459084,17359
149.76998490000003,9.117061177,45.44440785,17360
149.76998490000003,9.116608900000001,45.4449524,17361
158.70586269999998,9.113609,45.4465034,17362
330.40987739999997,9.1168202,45.4450348,17363
149.09609419999998,9.116399811,45.44519747,17364
328.80113739999996,9.1150974,45.447094899999996,17365
330.40987739999997,9.116376619,45.44558285,17366
161.8028753,9.210569099999999,45.44387879999999,17367
67.27538502,9.210570406,45.44287564,17368
78.03226812,9.209854185,45.44341346,17369
67.29563813,9.210982199999998,45.4429966,17370
91.30039947,9.202687092,45.44146258,17371
67.29630281,9.2097418,45.442632200000006,17372
67.06757363,9.211809657,45.44324195,17373
342.15108460000005,9.2442445,45.4831523,17374
342.2248131,9.24444886,45.48270537,17375
329.0483103,9.116045300000001,45.445986,17376
342.1354752,9.243968961,45.48375176,17377
161.79373999999999,9.210724699999998,45.4435467,17378
342.2248131,9.2447231,45.482105600000004,17379
357.9762684,9.242410852,45.48466302,17380
40.97682612,9.2414985,45.4384602,17381
40.97238182,9.240406921,45.43757842,17382
220.81228399999998,9.239752099999999,45.43714779999999,17383
40.57085722,9.242087408,45.43893618,17384
220.8252642,9.241428599999999,45.43851,17385
220.81025580000002,9.240001235,45.43735025,17386
40.97238182,9.2398179,45.4371025,17387
220.81045069999996,9.240841463999999,45.43803294,17388
207.17136619999997,9.2007584,45.494869200000004,17389
208.32185969999998,9.2011409,45.4953667,17390
88.9487005,9.201789,45.4414742,17391
91.57929163,9.201215199999998,45.4414853,17392
178.8672385,9.210328,45.4638321,17393
237.7937654,9.239153127,45.43667926,17394
178.8493602,9.210364058,45.46257226,17395
178.8493602,9.210346019,45.46320218,17396
59.22057908,9.255863156,45.45357441,17397
58.11121607,9.255097571,45.4532448,17398
329.76220010000003,9.254639599999999,45.4535501,17399
59.22057908,9.256634938,45.45389689,17400
75.8745624,9.257613654,45.45434569,17401
75.8745624,9.2567425,45.4541919,17402
58.11121607,9.254334834,45.452911900000004,17403
58.11065713,9.2535721,45.452579,17404
224.73420090000002,9.1930773,45.4327775,17405
329.76220010000003,9.252377687000001,45.45627213,17406
190.8727373,9.191632077000001,45.43222701,17407
270.1688662,9.19236155,45.43244299,17408
329.76220010000003,9.253734835,45.45463893,17409
329.76220010000003,9.254187217,45.45409452,17410
329.76220010000003,9.25283007,45.45572774,17411
329.76220010000003,9.253282452,45.45518333,17412
46.39330932,9.253444300000002,45.452731799999995,17413
45.412994,9.254436067,45.45340937,17414
76.35749127,9.256413171,45.45413583,17415
76.35749127,9.255540199999999,45.4539872,17416
46.44665931,9.252268039,45.45194741,17417
46.44665931,9.251617,45.4515132,17418
45.412994,9.253796300000001,45.452967,17419
46.45349559,9.252919132,45.45238158,17420
329.48844269999995,9.257111772,45.45375234,17421
329.48844269999995,9.257567858,45.45320944,17422
68.11621207,9.255348867999999,45.45393329,17423
329.48844269999995,9.258936113999999,45.45158072,17424
329.48844269999995,9.258023943,45.45266654,17425
329.48844269999995,9.258480029,45.45212363,17426
48.37452104,9.223233898,45.43426805,17427
48.37452104,9.222562405,45.43384932,17428
112.15929950000002,9.247710000000001,45.448876299999995,17429
218.77422919999998,9.204015114,45.49045808,17430
218.77505440000002,9.204577739,45.49094901,17431
219.7370574,9.2039064,45.490363200000004,17432
47.36203651,9.2514963,45.4514352,17433
45.76758721,9.251224217,45.44828243,17434
46.484058399999995,9.251469157,45.45141712,17435
48.23338775,9.2508147,45.4509855,17436
136.224657,9.249011449,45.4480208,17437
136.224657,9.248389965,45.44847585,17438
49.92817501,9.250576159,45.44784603,17439
102.1050409,9.249742471,45.44767814,17440
149.4036262,9.199043546,45.49329813,17441
167.3286031,9.1987396,45.493885299999995,17442
116.81375049999998,9.19945,45.4930426,17443
57.03950861,9.2007949,45.4929619,17444
297.99434239999994,9.1994142,45.4923914,17445
298.4566211,9.1998816,45.4922141,17446
75.55057309,9.2005481,45.4929045,17447
125.57326850000001,9.2014322,45.49144329999999,17448
125.41854270000002,9.201793400000001,45.4912622,17449
125.24087309999999,9.201929400000001,45.4911944,17450
140.3212655,9.199048800000002,45.4932919,17451
319.4700518,9.2014963,45.4941802,17452
124.4269283,9.201206800000001,45.4915516,17453
15.01643149,9.214177000000001,45.5041836,17454
48.59492596,9.21463505,45.50758149,17455
335.0978639,9.214741158999999,45.50520172,17456
59.59017228,9.214395637,45.50475262,17457
64.69359824,9.212468029,45.50703249,17458
334.94615530000004,9.212733047999999,45.50647761,17459
65.23644557,9.213865522999999,45.50726811,17460
140.7489336,9.21313862,45.50731826,17461
89.16641978,9.1976069,45.4666979,17462
335.5745736,9.21368698,45.50499502,17463
166.97325,9.057735300000001,45.4988652,17464
6.355786782000001,9.1975892,45.466710799999994,17465
330.93857280000003,9.213982525,45.50634305,17466
335.0978639,9.214362906,45.50577277,17467
251.06382459999998,9.214282800000001,45.5047062,17468
330.93857280000003,9.213546171,45.50689335,17469
165.1537773,9.2115721,45.5007787,17470
31.58969649,9.135407459,45.43835175,17471
29.80883277,9.131322804,45.43491988,17472
221.5111463,9.1317558,45.4347083,17473
4.561864344,9.133546562000001,45.43730843,17474
28.2175848,9.132909712,45.43688486,17475
35.64611116,9.134655902,45.43804331,17476
78.24030587,9.133944463999999,45.43775046,17477
334.9318252,9.213658293,45.50473302,17478
334.2687338,9.2140454,45.5041649,17479
334.956996,9.213113311,45.50590723,17480
334.93783110000004,9.213277682000001,45.5053033,17481
288.4315989,9.195291904,45.41942276,17482
324.2177815,9.195961500000001,45.4190348,17483
144.7729884,9.214008999999999,45.504046200000005,17484
1.380776064,9.214283199999999,45.5036951,17485
158.91756719999998,9.070067145,45.43873312,17486
155.649774,9.069723833,45.43931532,17487
159.19268190000003,9.070753199,45.43756828,17488
156.6621122,9.070417053,45.43815266,17489
174.43833909999998,9.071044719,45.44058748,17490
165.7740899,9.070834281,45.44119971,17491
232.8234565,9.069606718,45.43992134,17492
246.39702940000004,9.070377727999999,45.44023653,17493
334.319527,9.068111128,45.43767442,17494
336.3564151,9.068473836,45.43709779,17495
330.1685891,9.132903579,45.43631987,17496
351.833602,9.133121000000001,45.4357185,17497
238.6337127,9.070310709,45.4365973,17498
182.0243606,9.071003195,45.43696978,17499
329.4400747,9.068834343999999,45.43652044,17500
248.8781699,9.069528254,45.43628837,17501
359.5084589,9.2173753,45.4627347,17502
95.01010451,9.190588924,45.45309581,17503
359.5084589,9.217359887,45.46399475,17504
359.5084589,9.217367592999999,45.46336473,17505
168.0560272,9.241833300000001,45.488895,17506
356.7846009,9.240243914,45.49077115,17507
94.70328475,9.189694,45.4531505,17508
168.0560272,9.242019211,45.48827887,17509
57.55482875,9.068632205,45.44134905,17510
47.25761551,9.067942408,45.44094866,17511
109.7564606,9.070248227999999,45.44161058,17512
61.20652502,9.069397213,45.441679,17513
106.10089609999999,9.0675693,45.439525,17514
274.8756118,9.2580829,45.4869981,17515
329.74745,9.067719582999999,45.4404296,17516
20.52528166,9.068059546,45.43987063,17517
67.04152937,9.193189058,45.39957024,17518
67.04152937,9.1923619,45.3993242,17519
63.30526917,9.194754975,45.40018474,17520
55.92362392,9.193950923,45.39990349,17521
110.8368415,9.1863189,45.3959242,17522
228.90026949999998,9.190045271,45.41810172,17523
176.5260139,9.186643155,45.39475072,17524
176.5260139,9.186588722,45.39538037,17525
143.1230763,9.097292,45.486954700000005,17526
63.880392099999995,9.1900189,45.398560100000005,17527
154.46479159999998,9.098349571,45.48604411,17528
163.37937649999998,9.097961626,45.48660973,17529
59.07381595,9.196355893,45.40075684,17530
63.30526917,9.195557541,45.400468100000005,17531
59.07381595,9.197897097,45.40140516,17532
59.07381595,9.197126495,45.401081,17533
78.40063199,9.257782785,45.48781232,17534
78.40063199,9.256902816,45.48768569,17535
54.29062452,9.097439023,45.48700539,17536
88.80630172,9.0965841,45.4868851,17537
234.11270150000001,9.141754642999999,45.43197582,17538
197.5410513,9.141954,45.4325583,17539
88.14952268,9.2560088,45.4876346,17540
219.4247622,9.141241147,45.43146031,17541
170.7907425,9.189985598,45.41988369,17542
74.65452997,9.189641186,45.42035957,17543
168.0792856,9.190292645,45.41864142,17544
170.7907425,9.190129365,45.41926128,17545
43.02839407,9.187588002,45.41932047,17546
115.87468030000001,9.186908599999999,45.4189911,17547
79.42518422,9.188767712999999,45.42021335,17548
27.95242707,9.188313466,45.41967086,17549
45.7359759,9.187323812,45.41937899,17550
44.79342535,9.186684076,45.41893636,17551
32.33683016,9.188495218,45.42032747,17552
43.89940935,9.187954505,45.41982788,17553
50.38798008,9.1846772,45.417675700000004,17554
239.62638360000003,9.1517144,45.4857751,17555
48.76688678,9.186040993999999,45.41849649,17556
48.76688678,9.18536543,45.41808088,17557
339.5823039,9.187227657000001,45.42387804,17558
333.15912799999995,9.187545796,45.42328862,17559
165.6028673,9.0755634,45.4930287,17560
1.195887154,9.188312856,45.42150035,17561
340.5607195,9.188590142,45.42091248,17562
349.63604760000004,9.187852141,45.4227026,17563
353.3586603,9.188027805,45.4220858,17564
40.61309208,9.252135899999999,45.4867502,17565
26.28012493,9.1704011,45.5119943,17566
84.99124049,9.253784034,45.4871323,17567
80.22129971,9.252891228,45.48706609,17568
70.94919937,9.058497163,45.49797946,17569
165.83577130000003,9.057947886000001,45.49825346,17570
281.1860966,9.203239300000002,45.4582854,17571
337.25007289999996,9.045940893,45.4606036,17572
337.25007289999996,9.04628828,45.46002254,17573
337.0293894,9.045308214,45.46176135,17574
337.0293894,9.045658788999999,45.46118125,17575
326.3918822,9.0474136,45.4583066,17576
284.34470539999995,9.1821387,45.4652442,17577
336.23625469999996,9.046640883,45.45944305,17578
334.7546577,9.047013079,45.45886964,17579
90.94119019,9.220186199999999,45.4708607,17580
149.0036576,9.13601059,45.41752426,17581
120.041972,9.1865968,45.3959925,17582
89.02295409999999,9.221084387000001,45.47086935,17583
156.4451291,9.134699136,45.41917343,17584
156.4451291,9.134340145,45.41975143,17585
149.0036576,9.135547973,45.41806477,17586
149.0036576,9.135085355,45.41860528,17587
134.4302358,9.082454499999999,45.4885261,17588
72.82716484,9.190766952,45.39510435,17589
168.61503169999997,9.083651403,45.48760149,17590
134.4302358,9.08309599,45.48808524,17591
105.68590879999999,9.188312602,45.39562807,17592
105.68590879999999,9.187447742,45.39579861,17593
118.87710690000002,9.189936411,45.395096,17594
117.2014044,9.189143789,45.39539272,17595
328.11012719999997,9.257595,45.4870512,17596
334.495896,9.057217489,45.50496146,17597
185.2532211,9.2571163,45.48697979999999,17598
258.6144441,9.2573244,45.487137100000005,17599
14.96723517,9.057340648,45.50315473,17600
341.010872,9.057416372999999,45.5025446,17601
341.56309730000004,9.05750377,45.50436481,17602
14.96723517,9.057572653,45.50376296,17603
53.67219731,9.231437854,45.437311,17604
233.89390640000002,9.134218800000001,45.4202842,17605
64.80764602,9.232165671,45.43767978,17606
109.19670479999999,9.2572826,45.4867899,17607
233.95550490000002,9.23270985,45.43797059,17608
233.92783319999998,9.233436037,45.43834163,17609
333.8940566,9.0820229,45.4927755,17610
47.5153903,9.217978407999999,45.41767471,17611
333.8940566,9.081232325,45.49390644,17612
333.8940566,9.081627612,45.49334097,17613
33.41893691,9.215631368,45.41734127,17614
58.1566059,9.214985602999999,45.41693474,17615
65.83878773,9.217197243,45.41737556,17616
132.95765659999998,9.216353157999999,45.41722804,17617
260.0800127,9.058566882000001,45.49910479,17618
160.51012690000002,9.058685142,45.49954053,17619
357.0733303,9.057683403,45.50194582,17620
350.9284246,9.057786,45.50132120000001,17621
333.8940566,9.080837037,45.4944719,17622
160.51012690000002,9.058385428,45.500134100000004,17623
160.51012690000002,9.058085714,45.50072765,17624
167.1585504,9.21341117,45.41025739,17625
168.5841826,9.213223192000001,45.41087401,17626
327.49601939999997,9.0939227,45.495309999999996,17627
167.1585504,9.213610824,45.40964251,17628
84.51515977,9.212042177,45.41212743,17629
166.92720680000002,9.211772161,45.41267647,17630
168.5841826,9.213045391,45.41149216,17631
146.31292019999998,9.212857837,45.41210747,17632
5.325466756,9.090812201,45.49816747,17633
261.5199386,9.091388916,45.49784908,17634
58.91859365,9.214220147999999,45.41660474,17635
58.91859365,9.2134508,45.4162792,17636
327.49601939999997,9.092957266,45.49637209,17637
327.49601939999997,9.093439983,45.49584105,17638
327.49601939999997,9.091991832,45.49743417,17639
327.49601939999997,9.092474549,45.49690313,17640
312.35475610000003,9.24299057,45.46561968,17641
276.267425,9.243801676,45.46542657,17642
41.43318132,9.198884872,45.41882915,17643
59.06059753,9.198117300000002,45.4185025,17644
160.35074269999998,9.244526785,45.46651564,17645
169.42446040000002,9.244241126,45.46711236,17646
256.5977188,9.244693241,45.46538231,17647
238.49130130000003,9.244774914,45.4659139,17648
342.20806569999996,9.198125374,45.42231083,17649
342.20806569999996,9.198399864,45.42171048,17650
356.7846009,9.240294300000002,45.4901424,17651
343.1584087,9.199245118,45.41991447,17652
22.62721839,9.199460228,45.41931027,17653
341.2665308,9.198675384,45.42111036,17654
341.2665308,9.198963892,45.42051324,17655
347.48652799999996,9.190295561000001,45.39731162,17656
347.48652799999996,9.190490197999999,45.39669582,17657
30.85831694,9.189968265,45.39853529999999,17658
347.2673157,9.190100682999999,45.39792738,17659
73.60558634,9.190338411,45.39511709,17660
119.45889960000001,9.189527437999999,45.39531607,17661
347.5865913,9.19068372,45.39607983,17662
349.2416936,9.190879256,45.39546419,17663
94.38939373,9.243346088,45.46826186,17664
95.20357214,9.242451107,45.46831591,17665
184.9640698,9.2441905,45.4677372,17666
188.9051929,9.243896529,45.46794881,17667
264.7156393,9.1968719,45.4596404,17668
327.7518595,9.253395,45.492025700000006,17669
95.25611216,9.2415565,45.4683731,17670
264.70916669999997,9.19597742,45.45958224,17671
311.10697410000006,9.20026809,45.41532912,17672
311.10697410000006,9.200944955,45.41491453,17673
311.10697410000006,9.198914359,45.41615829,17674
311.10697410000006,9.199591224,45.4157437,17675
220.52896209999997,9.202858658,45.4152471,17676
220.52896209999997,9.203442412000001,45.41572639,17677
311.10697410000006,9.201621821,45.41449993,17678
226.0030733,9.202277096,45.41477144,17679
107.4698933,9.187037184,45.39599991,17680
119.45889960000001,9.188745268,45.395626299999996,17681
103.2181827,9.187902618999999,45.39583243,17682
45.38433920000001,9.198490996,45.41702831,17683
311.10697410000006,9.198237492999999,45.41657287,17684
45.38433920000001,9.199769899,45.41791406,17685
45.38433920000001,9.199130447,45.41747119,17686
83.77738178,9.208273224,45.41357291,17687
90.59487407,9.2073794,45.413515999999994,17688
98.20148445,9.210001781,45.41334479,17689
103.8015998,9.209165233,45.41356649,17690
178.3710591,9.083707526,45.48634521,17691
179.9007294,9.083704724,45.48697499,17692
177.7520382,9.083765431,45.48508631,17693
177.7520382,9.083730195,45.48571563,17694
230.3711182,9.2052159,45.417143599999996,17695
67.51480507,9.207055488,45.41653776,17696
231.6303107,9.204031694,45.41620165,17697
219.83238390000002,9.204609275,45.41667984,17698
57.09363038,9.211561302,45.413915100000004,17699
57.09363038,9.210807113,45.41357251,17700
62.27951257,9.2062276,45.4162934,17701
71.01055995,9.212332634,45.41423539,17702
180.34385480000003,9.071801586,45.49120442,17703
177.4703517,9.071777929,45.49183375,17704
180.4882473,9.071786564,45.48994498,17705
180.4882473,9.071794219,45.4905747,17706
263.430658,9.076338049,45.49305387,17707
262.682587,9.077229734,45.49313013,17708
243.2469418,9.0723051,45.4922459,17709
269.22630939999993,9.075441277000001,45.49304146,17710
0.19362042899999998,9.071658642000001,45.49073007,17711
0.19362042899999998,9.071655606,45.49010033,17712
356.35172650000004,9.071621333,45.49198836,17713
0.733180928,9.071669974,45.49135976,17714
124.0982851,9.072941305,45.48919422,17715
124.0982851,9.07219743,45.48954727,17716
78.85675321,9.0714173,45.489558,17717
125.0166293,9.073678493,45.48883437,17718
163.3704802,9.072696873,45.49068168,17719
253.86813569999998,9.073435452,45.49091224,17720
351.19731889999997,9.072589589,45.49063761,17721
270.7258097,9.072850289,45.49008513,17722
257.9688046,9.075582526,45.49160039,17723
263.3151449,9.076462948,45.49172288,17724
222.5392395,9.073850591,45.49129714,17725
256.92455240000004,9.074705734,45.49146349,17726
88.14982959,9.076350665,45.49311206,17727
86.03064206,9.075452926,45.49309021,17728
334.21036349999997,9.077718388,45.49268142,17729
335.9992366,9.0780998,45.4921113,17730
343.1136155,9.073733357,45.49126562,17731
73.7289824,9.073174505,45.49097041,17732
80.58171283,9.074563721,45.49300636,17733
226.6302066,9.0741511,45.493336,17734
150.5524762,9.073208238,45.49264773,17735
235.09165950000002,9.073687486,45.49304157,17736
163.85646509999998,9.073770199999998,45.49147266,17737
163.85646509999998,9.073520428,45.49207756,17738
112.1360165,9.2019254,45.5116223,17739
336.4439568,9.194161932,45.40476169,17740
308.0888825,9.074376312,45.49289568,17741
259.6486182,9.075235800000002,45.493038899999995,17742
327.7696571000001,9.078692,45.4914144,17743
155.5622951,9.078016245,45.49218248,17744
263.11421,9.077347283,45.49179,17745
321.36795950000004,9.078190045,45.491936100000004,17746
76.13989728,9.075458741,45.49169601,17747
76.13989728,9.074586582,45.49154516,17748
62.56735396,9.077220138,45.49191435,17749
84.63166476,9.076341281,45.4918104,17750
234.5312958,9.190766782999999,45.40558564,17751
234.5312958,9.1914984,45.4059516,17752
153.5654951,9.191179181,45.40450957,17753
153.5654951,9.190779274,45.40507433,17754
155.2489509,9.192141702999999,45.40704676,17755
155.2489509,9.1917656,45.4076195,17756
233.55341049999998,9.191786407999999,45.40610093,17757
233.55341049999998,9.192509023,45.4064756,17758
56.04135246,9.194379606,45.40318414,17759
56.04135246,9.193634506,45.40283182,17760
336.4439568,9.19452094,45.40418354,17761
336.4439568,9.194879947999999,45.40360539,17762
153.5654951,9.191978995,45.40338004,17763
153.5654951,9.191579088,45.40394481,17764
56.04135246,9.192889407000001,45.4024795,17765
153.5654951,9.192378902,45.40281526,17766
287.71570610000003,9.254338800000001,45.4869901,17767
347.6065269,9.190029212999999,45.398379600000005,17768
347.6065269,9.190222013,45.39776352,17769
267.1285224,9.254173,45.4870151,17770
253.0036188,9.1905835,45.3966084,17771
68.90005115,9.053091132,45.45319106,17772
68.90005115,9.052253045,45.452964200000004,17773
68.97294251,9.054767587999999,45.45364425,17774
68.90005115,9.053929219,45.45341791,17775
75.14152633,9.0497306,45.452301,17776
67.65679867,9.058495376,45.45477784,17777
68.79807341,9.051415484,45.45273639,17778
69.14460104,9.050578298,45.45250806,17779
347.49629310000006,9.190802312,45.39591554,17780
347.49629310000006,9.1909968,45.3952997,17781
347.6065269,9.190414813,45.39714744,17782
347.49629310000006,9.190607825,45.39653138,17783
137.2916929,9.1646597,45.4913912,17784
67.15849854,9.05560158,45.45387821,17785
178.851525,9.227573300000001,45.4398729,17786
137.2916929,9.165268997,45.49092846,17787
34.60079801,9.2387,45.495888799999996,17788
346.9524322,9.24012479,45.49497666,17789
218.45390719999997,9.23912527,45.49641805,17790
41.65157137,9.239239759,45.4963908,17791
81.91643319,9.239350387,45.49416193,17792
171.93935280000002,9.238981599999999,45.4945651,17793
348.23782669999997,9.240683102,45.49456651,17794
81.91643319,9.240239777000001,45.49425048,17795
40.73749555,9.056052699999999,45.4540115,17796
0.966877724,9.197602229,45.46664902,17797
67.65679867,9.057664503,45.45453828,17798
68.46134452,9.056830688,45.45430386,17799
202.7434065,9.209296973999999,45.50085347,17800
217.9150554,9.2097358,45.501399799999994,17801
47.71932812,9.1972281,45.466112100000004,17802
291.0741415,9.208701677999999,45.50065082,17803
174.2862685,9.074118087,45.48538905,17804
159.4962084,9.07391654,45.48600225,17805
159.14858069999997,9.074465213,45.48416507,17806
164.0557833,9.074224856,45.48477156,17807
51.91334025,9.072110499999999,45.4865474,17808
264.8481306,9.253005314,45.48694895,17809
150.6108165,9.073586497,45.48658625,17810
93.90961422,9.072804997999999,45.48680965,17811
184.8305225,9.2475655,45.4675377,17812
77.40249263,9.076445978999999,45.48235562,17813
171.4037295,9.247574815,45.46628047,17814
180.442201,9.247523687000001,45.46690884,17815
164.40095269999998,9.074777256,45.4829776,17816
151.9825757,9.074494267999999,45.48357128,17817
61.63094441,9.075597399,45.48216568,17818
165.22544340000002,9.075011062,45.48236956,17819
98.00290081,9.239840563,45.46735555,17820
98.00290081,9.238950996,45.46744326,17821
93.00306179,9.252486782,45.46674709,17822
93.00306179,9.2515897,45.4667801,17823
0.99726255,9.238248679,45.46601367,17824
61.24299044,9.238176,45.465407899999995,17825
10.37595191,9.238291871,45.46727192,17826
0.515151756,9.238258265,45.46664365,17827
86.43464866,9.2461569,45.49143170000001,17828
19.342574600000003,9.254873082000001,45.46619756,17829
264.8481306,9.2539,45.4870055,17830
295.8541079,9.2566246,45.4867277,17831
153.42137580000002,9.253157994,45.46565835,17832
166.8471645,9.25295605,45.4662707,17833
49.70060426,9.254490515,45.46562954,17834
87.31999735,9.253772241,45.46528162,17835
240.93282799999997,9.241785592000001,45.46601028,17836
281.4242181,9.242657800000002,45.4660118,17837
183.3496405,9.241089500000001,45.4649622,17838
170.9684991,9.2412314,45.46555788,17839
65.19568189,9.096271642,45.49061169,17840
65.19568189,9.0954562,45.4903475,17841
65.19568189,9.097902526,45.49114007,17842
65.19568189,9.097087084,45.49087588,17843
1.493639186,9.238196216,45.46458672,17844
0.0,9.2381815,45.46395681,17845
273.22563060000004,9.2379717,45.465419700000005,17846
1.493639186,9.238219631,45.46521653,17847
273.3144338,9.237642800000001,45.46543270000001,17848
136.3701845,9.2206101,45.5037993,17849
297.06100160000005,9.238542800000001,45.463437299999995,17850
171.27917250000002,9.237310985,45.46501449,17851
164.82347099999998,9.134371,45.429128000000006,17852
174.08449119999997,9.100171224,45.48321532,17853
248.0542812,9.132845492000001,45.42857849,17854
250.15015789999998,9.13368629,45.42880018,17855
151.1020969,9.099124092,45.48490919,17856
153.75773830000003,9.098706645,45.48546667,17857
153.9770681,9.099914396,45.48379996,17858
130.68071880000002,9.099531949,45.48434919,17859
93.69776167,9.131290915,45.43071499,17860
66.93098045,9.130400999999999,45.4306597,17861
337.4435637,9.1403388,45.42601989999999,17862
67.14909829,9.1303354,45.4306403,17863
173.5483233,9.131039300000001,45.4307198,17864
202.4320333,9.132255452999999,45.42815279,17865
256.53731469999997,9.130776741,45.42969587,17866
173.5483233,9.131140239,45.43009338,17867
48.62860704,9.2215143,45.4524109,17868
336.348802,9.221637,45.4524098,17869
99.55248895,9.202599699999999,45.4600343,17870
68.05197414,9.057815329,45.49901316,17871
74.10038377,9.057149800000001,45.498748299999995,17872
77.1360941,9.0565412,45.4986416,17873
78.19648153,9.058337412,45.49873596,17874
64.28664999,9.195215733,45.40520728,17875
64.28664999,9.194406372000001,45.40493364,17876
64.28664999,9.196834454,45.40575456,17877
64.28664999,9.196025093,45.40548092,17878
154.80222690000002,9.193105907,45.40634286,17879
67.85571968,9.1925148,45.4064786,17880
154.80222690000002,9.193870812,45.40520151,17881
154.80222690000002,9.193488359,45.40577219,17882
0.5573295739999999,9.182253937999999,45.39279491,17883
0.5573295739999999,9.182245199999999,45.3921641,17884
0.5573295739999999,9.182271414,45.39405651,17885
0.5573295739999999,9.182262676,45.39342571,17886
235.9798921,9.243050397000001,45.46609706,17887
226.84100550000002,9.243750597,45.46648853,17888
37.57897274,9.255419972,45.49561035,17889
22.29026352,9.2549707,45.4950697,17890
33.37090478,9.2135285,45.49681270000001,17891
2.8435714869999997,9.182417816000001,45.397208500000005,17892
154.35033059999998,9.139836500000001,45.4275742,17893
34.53317009,9.214037073,45.49733174,17894
1.672500471,9.182305873999999,45.39531784,17895
0.5573295739999999,9.182280152,45.39468729,17896
2.8435714869999997,9.182373251,45.39657848,17897
1.571132564,9.182331421,45.39594839,17898
336.8169396,9.209444877000001,45.41450019,17899
336.8169396,9.209798517000001,45.41392051,17900
97.04093439,9.2527515,45.4918672,17901
256.4415083,9.253104800000001,45.4919979,17902
340.8406872,9.2551097,45.4896692,17903
168.79774640000002,9.071666058,45.49984684,17904
340.7752293,9.2101153,45.4133333,17905
339.0243445,9.254798347000001,45.49025983,17906
286.3918316,9.245061123,45.47991045,17907
341.1748827,9.2457385,45.4795864,17908
192.3247864,9.2443019,45.4669656,17909
162.3940022,9.245570849,45.4801095,17910
45.85682403,9.2575473,45.4868262,17911
5.6142802970000005,9.203977199999999,45.4383079,17912
34.77218344,9.229989100000001,45.492175,17913
247.48434190000003,9.073790400000002,45.445899600000004,17914
21.27339417,9.247585699999998,45.48715670000001,17915
77.53102366,9.1970934,45.45628189999999,17916
191.9623215,9.073281656,45.44546042,17917
64.71368382,9.190890702,45.39885786,17918
63.91093562,9.1900828,45.3985821,17919
46.01479714,9.2474147,45.486988700000005,17920
66.50828446,9.191705209,45.39912379,17921
197.6562486,9.1419711,45.432596000000004,17922
195.564998,9.142061626,45.43281765,17923
149.7617211,9.071203285,45.50038585,17924
76.93998937,9.198844525,45.45656369,17925
76.93998937,9.197969446,45.4564213,17926
217.41846809999998,9.142445296,45.43337876,17927
141.5709497,9.142878999999999,45.4338444,17928
72.81753945,9.126952000000001,45.429973700000005,17929
189.48063069999998,9.214690300000001,45.462225200000006,17930
77.77617359999999,9.12868559,45.43030032,17931
72.81753945,9.127810222,45.43015994,17932
174.2502053,9.1699993,45.5136697,17933
162.77109919999998,9.170667153,45.51139304,17934
288.7984942,9.185312099999999,45.507257,17935
172.5799141,9.170094702,45.51304382,17936
61.47935684,9.135226027,45.42949559,17937
51.87752342,9.13445822,45.42917163,17938
69.37926858,9.13678867,45.43000757,17939
42.68582604,9.136048837,45.42966054,17940
161.5434165,9.1331314,45.430627799999996,17941
71.86976615,9.12956159,45.43043745,17942
152.2444269,9.133884004,45.42948491,17943
153.5314898,9.133478271,45.43004734,17944
141.23174640000002,9.060385411,45.45169838,17945
141.23174640000002,9.059822911,45.45218972,17946
141.23174640000002,9.06151041,45.45071569,17947
141.23174640000002,9.06094791,45.45120704,17948
62.20706219,9.057918587,45.45261984,17949
144.1880325,9.057375403,45.45310455,17950
141.23174640000002,9.059260411,45.45268105,17951
56.25408352,9.058638626,45.45299635,17952
37.41903529,9.190543502,45.4679476,17953
34.98882972,9.1899977,45.467447299999996,17954
136.11331830000003,9.166255099999999,45.484095399999994,17955
141.23174640000002,9.06263541,45.44973298,17956
141.23174640000002,9.06207291,45.45022434,17957
243.93681329999998,9.211293,45.5068674,17958
140.1971665,9.063203916,45.44924507,17959
215.04597650000002,9.207823316,45.48099097,17960
27.62106231,9.2039467,45.438266999999996,17961
215.04597650000002,9.207307473,45.48047532,17962
139.1130464,9.2338811,45.4935315,17963
261.8023767,9.236683346,45.49383796,17964
88.76900602,9.223559800000002,45.470887899999994,17965
139.1130464,9.234469108999999,45.49305544,17966
247.9857719,9.056537441,45.45415199,17967
247.9857719,9.05737026,45.454388200000004,17968
144.1880325,9.056849774,45.45361557,17969
235.56113939999997,9.056440499999999,45.4541245,17970
172.0990398,9.203848204,45.43850447,17971
247.9857719,9.05820308,45.4546244,17972
247.9857719,9.0590359,45.4548606,17973
172.3513216,9.191939653,45.42173053,17974
172.3513216,9.191820089,45.42235543,17975
168.6399677,9.192225855,45.42048701,17976
168.6399677,9.19204891,45.42110518,17977
179.8036768,9.191592486000001,45.42423396,17978
179.8036768,9.191589407,45.42486443,17979
172.3513216,9.191700525,45.42298032,17980
179.8036768,9.191595564,45.42360347,17981
252.63554,9.2442743,45.479894200000004,17982
84.72198335,9.194013472,45.41812575,17983
261.1764735,9.237572300000002,45.493928600000004,17984
252.14048250000002,9.243417316,45.47970535,17985
168.403037,9.192753806,45.41932192,17986
168.6399677,9.192402799,45.41986883,17987
87.05865075,9.193116863,45.41808829,17988
168.403037,9.192934391,45.41870425,17989
86.71993021,9.2427048,45.491291100000005,17990
20.01294035,9.1625311,45.4956441,17991
175.61887009999998,9.241387511000001,45.49060925,17992
176.2022466,9.2413199,45.4912372,17993
264.15980030000003,9.162346300000001,45.4957071,17994
115.1586529,9.163538843,45.49585771,17995
204.0820652,9.1621635,45.4954889,17996
86.96102739,9.2466995,45.4914554,17997
321.20389589999996,9.2533896,45.492031700000005,17998
322.1238148,9.2428899,45.4865201,17999
87.058738,9.247596621,45.49148786,18000
